date,doses_shipped,cumulative_doses_shipped,doses_delivered,cumulative_doses_delivered,cdc_pharmacy_doses_delivered,cumulative_cdc_pharmacy_doses_delivered,doses_on_hand,pfizer_doses_shipped,cumulative_pfizer_doses_shipped,pfizer_doses_delivered,cumulative_pfizer_doses_delivered,pfizer_doses_on_hand,moderna_doses_shipped,cumulative_moderna_doses_shipped,moderna_doses_delivered,cumulative_moderna_doses_delivered,moderna_doses_on_hand,jj_doses_shipped,cumulative_jj_doses_shipped,jj_doses_delivered,cumulative_jj_doses_delivered,jj_doses_on_hand
2021-05-26,402450,46139465,250680,45651260.0,188180,10949920.0,7934357,375570,24739065,0,24332100.0,3884191,23280,18865100,238680,18788360.0,3076718,3600,2535300,12000,2530800.0,973448
2021-05-25,259040,45737015,28090,45400580.0,25720,10761740.0,8002588,0,24363495,1170,24332100.0,3887038,247040,18841820,26420,18549680.0,3122826,12000,2531700,500,2518800.0,992724
2021-05-24,50320,45477975,253410,45372490.0,73640,10736020.0,8054465,23400,24363495,207090,24330930.0,3905360,26420,18594780,44720,18523260.0,3147866,500,2519700,1600,2518300.0,1001239
2021-05-23,46220,45427655,0,45119080.0,0,10662380.0,8133924,0,24340095,0,24123840.0,3942364,44620,18568360,0,18478540.0,3188580,1600,2519200,0,2516700.0,1002980
2021-05-22,0,45381435,0,45119080.0,0,10662380.0,8175204,0,24340095,0,24123840.0,3935865,0,18523740,0,18478540.0,3228970,0,2517600,0,2516700.0,1010369
2021-05-21,208260,45381435,297640,45119080.0,271780,10662380.0,8074442,208260,24340095,271440,24123840.0,3836285,0,18523740,24000,18478540.0,3217800,0,2517600,2200,2516700.0,1020357
2021-05-20,297540,45173175,292430,44821440.0,291930,10390600.0,8049484,271440,24131835,204750,23852400.0,4041069,24000,18523740,78980,18454540.0,2995267,2100,2517600,8700,2514500.0,1013148
2021-05-19,292530,44875635,305990,44529010.0,305990,10098670.0,8089485,204750,23860395,3510,23647650.0,4049752,78980,18499740,285380,18375560.0,3023120,8800,2515500,17100,2505800.0,1016613
2021-05-18,306090,44583105,308510,44223020.0,26850,9792680.0,7908736,3510,23655645,293670,23644140.0,3861503,285380,18420760,14140,18090180.0,3025905,17200,2506700,700,2488700.0,1021328
2021-05-17,309380,44277015,769810,43914510.0,39450,9765830.0,7810288,294840,23652135,445770,23350470.0,3808559,13840,18135380,306940,18076040.0,2996444,700,2489500,17100,2488000.0,1005285
2021-05-16,325940,43967635,0,43144700.0,0,9726380.0,7914955,0,23357295,0,22904700.0,3880432,308840,18121540,0,17769100.0,3023629,17100,2488800,0,2470900.0,1010894
2021-05-15,431730,43641695,0,43144700.0,0,9726380.0,7995354,431730,23357295,0,22904700.0,3988092,0,17812700,0,17769100.0,2989226,0,2471700,0,2470900.0,1018036
2021-05-14,12870,43209965,265220,43144700.0,257030,9726380.0,7784086,12870,22925565,198900,22904700.0,3792794,0,17812700,66220,17769100.0,2978178,0,2471700,100,2470900.0,1013114
2021-05-13,265220,43197095,519700,42879480.0,210670,9469350.0,7603221,198900,22912695,411840,22705800.0,3729379,66220,17812700,92060,17702880.0,2859505,100,2471700,15800,2470800.0,1014337
2021-05-12,519700,42931875,270460,42359780.0,101260,9258680.0,7603221,411840,22713795,0,22293960.0,3729379,92060,17746480,259960,17610820.0,2859505,15800,2471600,10500,2455000.0,1014337
2021-05-11,272420,42412175,161590,42089320.0,142350,9157420.0,7409573,0,22301955,139230,22293960.0,3575439,261920,17654420,21660,17350860.0,2821399,10500,2455800,700,2444500.0,1012735
2021-05-10,161590,42139755,985750,41927730.0,44320,9015070.0,7111071,139230,22301955,696150,22154730.0,3353601,21660,17392500,262400,17329200.0,2751969,700,2445300,27200,2443800.0,1005501
2021-05-09,289600,41978165,0,40941980.0,0,8970750.0,7236108,0,22162725,0,21458580.0,3467236,262400,17370840,0,17066800.0,2767672,27200,2444600,0,2416600.0,1001200
2021-05-08,553410,41688565,140,40941980.0,140,8970750.0,7284646,553410,22162725,0,21458580.0,3523064,0,17108440,140,17066800.0,2743897,0,2417400,0,2416600.0,1017685
2021-05-07,143440,41135155,379900,40941840.0,282450,8970610.0,7045520,142740,21609315,238680,21458580.0,3334439,700,17108440,138120,17066660.0,2720824,0,2417400,3100,2416600.0,990257
2021-05-06,380080,40991715,619750,40561940.0,274970,8688160.0,6972818,238680,21466575,469170,21219900.0,3292615,138300,17107740,131580,16928540.0,2702031,3100,2417400,19000,2413500.0,978172
2021-05-05,619750,40611635,326960,39942190.0,122560,8413190.0,7074883,469170,21227895,0,20750730.0,3472658,131580,16969440,285660,16796960.0,2644852,19000,2414300,41300,2394500.0,957373
2021-05-04,327360,39991885,152070,39615230.0,31240,8290630.0,6946033,0,20758725,118170,20750730.0,3334063,286060,16837860,23500,16511300.0,2670303,41300,2395300,10400,2353200.0,941667
2021-05-03,152270,39664525,902940,39463160.0,42170,8259390.0,6667154,118170,20758725,634140,20632560.0,3181754,23700,16551800,247200,16487800.0,2545326,10400,2354000,21600,2342800.0,940074
2021-05-02,268800,39512255,100,38560220.0,0,8217220.0,6812594,0,20640555,0,19998420.0,3257056,247300,16528100,100,16240600.0,2610346,21500,2343600,0,2321200.0,945192
2021-05-01,614250,39243455,0,38560120.0,0,8217220.0,6795588,614250,20640555,0,19998420.0,3252800,0,16280800,0,16240500.0,2626631,0,2322100,0,2321200.0,916157
2021-04-30,19890,38629205,711580,38560120.0,296140,8217220.0,6559673,19890,20026305,332280,19998420.0,3085702,0,16280800,302300,16240500.0,2584438,0,2322100,77000,2321200.0,889533
2021-04-29,713780,38609315,347260,37848540.0,307560,7921080.0,6409022,332280,20006415,266760,19666140.0,3118601,304400,16280800,48300,15938200.0,2402282,77100,2322100,32200,2244200.0,888139
2021-04-28,348360,37895535,613390,37501280.0,268900,7613520.0,6520032,266760,19674135,277290,19399380.0,3324920,48600,15976400,329700,15889900.0,2312188,33000,2245000,6400,2212000.0,882924
2021-04-27,612890,37547175,343430,36887890.0,64440,7344620.0,6104417,277290,19407375,45630,19122090.0,3054799,330000,15927800,295200,15560200.0,2181862,5600,2212000,2600,2205600.0,867756
2021-04-26,340660,36934285,1485550,36544460.0,32860,7280180.0,5634821,44460,19130085,1082250,19076460.0,2692538,293600,15597800,403300,15265000.0,2079356,2600,2206400,0,2203000.0,862927
2021-04-25,403900,36593625,0,35058910.0,0,7247320.0,5835302,0,19085625,0,17994210.0,2778917,403900,15304200,0,14861700.0,2196051,0,2203800,0,2203000.0,860334
2021-04-24,966420,36189725,6050,35058910.0,5950,7247320.0,5886876,966420,19085625,5850,17994210.0,2794858,0,14900300,200,14861700.0,2240636,0,2203800,0,2203000.0,851382
2021-04-23,117000,35223305,582260,35052860.0,300820,7241370.0,6043528,117000,18119205,372060,17988360.0,2788055,0,14900300,210200,14861500.0,2296419,0,2203800,0,2203000.0,959054
2021-04-22,589410,35106305,456960,34470600.0,280260,6940550.0,5763325,377910,18002205,313560,17616300.0,2753724,211500,14900300,143400,14651300.0,2148740,0,2203800,0,2203000.0,860861
2021-04-21,454760,34516895,623910,34013640.0,289040,6660290.0,5681682,313560,17624295,260910,17302740.0,2721685,141200,14688800,363000,14507900.0,2106262,0,2203800,0,2203000.0,853735
2021-04-20,642590,34062135,606060,33389730.0,32640,6371250.0,5379490,277290,17310735,196560,17041830.0,2568460,365300,14547600,409500,14144900.0,1971883,0,2203800,0,2203000.0,839147
2021-04-19,587340,33419545,1157680,32783670.0,111650,6338610.0,5118348,177840,17033445,765180,16845270.0,2297754,409500,14182300,392500,13735400.0,1917500,0,2203800,0,2203000.0,903094
2021-04-18,392700,32832205,0,31625990.0,0,6226960.0,5260122,0,16855605,0,16080090.0,2398162,392700,13772800,0,13342900.0,1959008,0,2203800,0,2203000.0,902952
2021-04-17,724230,32439505,0,31625990.0,0,6226960.0,5136315,724230,16855605,0,16080090.0,2302201,0,13380100,0,13342900.0,1934424,0,2203800,0,2203000.0,899690
2021-04-16,43290,31715275,655190,31625990.0,442920,6226960.0,5139488,43290,16131375,546390,16080090.0,2291760,0,13380100,108800,13342900.0,1950791,0,2203800,0,2203000.0,896937
2021-04-15,655390,31671985,520160,30970800.0,275560,5784040.0,5081457,546390,16088085,301860,15533700.0,2298482,109000,13380100,218200,13234100.0,1891367,0,2203800,100,2203000.0,891608
2021-04-14,520160,31016595,562610,30450640.0,145900,5508480.0,4903809,301860,15541695,284310,15231840.0,2242036,218300,13271100,278300,13015900.0,1789944,0,2203800,0,2202900.0,871829
2021-04-13,574310,30496435,1088960,29888030.0,44240,5362580.0,4739890,296010,15239835,524160,14947530.0,2258580,278300,13052800,546000,12737600.0,1645032,0,2203800,18800,2202900.0,836278
2021-04-12,1076290,29922125,677370,28799070.0,18540,5318340.0,4592908,511290,14943825,398970,14423370.0,2167374,546000,12774500,134300,12191600.0,1711854,19000,2203800,144100,2184100.0,713680
2021-04-11,278300,28845835,0,28121700.0,0,5299800.0,4923283,0,14432535,0,14024400.0,2421135,134200,12228500,0,12057300.0,1772594,144100,2184800,0,2040000.0,729554
2021-04-10,397800,28567535,0,28121700.0,0,5299800.0,4760605,397800,14432535,0,14024400.0,2190062,0,12094300,0,12057300.0,1792203,0,2040700,0,2040000.0,778340
2021-04-09,2340,28169735,501530,28121700.0,338510,5299800.0,4760605,2340,14034735,256230,14024400.0,2190062,0,12094300,87600,12057300.0,1792203,0,2040700,157700,2040000.0,778340
2021-04-08,506410,28167395,653390,27620170.0,346070,4961290.0,4794553,260910,14032395,441090,13768170.0,2179284,87800,12094300,162800,11969700.0,1823929,157700,2040700,49500,1882300.0,791340
2021-04-07,648810,27660985,477850,26966780.0,109700,4615220.0,4733992,436410,13771485,204750,13327080.0,2207637,162900,12006500,229200,11806900.0,1722034,49500,1883000,43900,1832800.0,804321
2021-04-06,477850,27012175,380220,26488930.0,6110,4505520.0,4254493,204750,13335075,124020,13122330.0,1913258,229200,11843600,215600,11577700.0,1628735,43900,1833500,40600,1788900.0,712500
2021-04-05,327540,26534325,1578410,26108710.0,49940,4499410.0,4033491,84240,13130325,600210,12998310.0,1956162,206800,11614400,415800,11362100.0,1586315,36500,1789600,562400,1748300.0,491014
2021-04-04,977000,26206785,0,24530300.0,0,4449470.0,4249020,0,13046085,0,12398100.0,2052713,410300,11407600,0,10946300.0,1702248,566700,1753100,0,1185900.0,494059
2021-04-03,538890,25229785,0,24530300.0,0,4449470.0,4111846,522990,13046085,0,12398100.0,2061658,15900,10997300,0,10946300.0,1673493,0,1186400,0,1185900.0,376695
2021-04-02,117000,24690895,454170,24530300.0,266380,4449470.0,4189038,117000,12523095,235170,12398100.0,2057972,0,10981400,132100,10946300.0,1718667,0,1186400,86900,1185900.0,412399
2021-04-01,454170,24573895,570610,24076130.0,289600,4183090.0,4142999,235170,12406095,448110,12162930.0,2047361,132100,10981400,69900,10814200.0,1685225,86900,1186400,52600,1099000.0,410413
2021-03-31,570610,24119725,612900,23505520.0,222540,3893490.0,3797159,448110,12170925,163800,11714820.0,1854441,69900,10849300,274400,10744300.0,1619112,52600,1099500,174700,1046400.0,323606
2021-03-30,613400,23549115,518530,22892620.0,17840,3670950.0,3684043,163800,11722815,186030,11551020.0,1913782,274600,10779400,231300,10469900.0,1498105,175000,1046900,101200,871700.0,272156
2021-03-29,513920,22935715,1227080,22374090.0,52880,3653110.0,3222294,182520,11559015,730080,11364990.0,1572984,230500,10504800,341100,10238600.0,1455939,100900,871900,155900,770500.0,193371
2021-03-28,498100,22421795,0,21147010.0,0,3600230.0,3336863,0,11376495,0,10634910.0,1609158,341900,10274300,0,9897500.0,1531779,156200,771000,0,614600.0,195926
2021-03-27,733590,21923695,0,21147010.0,0,3600230.0,5056477,733590,11376495,0,10634910.0,2010320,0,9932400,0,9897500.0,2867099,0,614800,0,614600.0,179058
2021-03-26,0,21190105,344290,21147010.0,183000,3600230.0,5056477,0,10642905,242190,10634910.0,2010320,0,9932400,72400,9897500.0,2867099,0,614800,29700,614600.0,179058
2021-03-25,344190,21190105,557930,20802720.0,226990,3417230.0,4874999,242190,10642905,443430,10392720.0,1817125,72300,9932400,110100,9825100.0,2866159,29700,614800,4400,584900.0,191715
2021-03-24,558030,20845915,435710,20244790.0,243390,3190240.0,3308068,443430,10400715,132210,9949290.0,1719054,110200,9860100,299100,9715000.0,1400796,4400,585100,4400,580500.0,188218
2021-03-23,437780,20287885,517220,19809080.0,192420,2946850.0,3159006,133380,9957285,112320,9817080.0,1693078,299900,9749900,388400,9415900.0,1282911,4500,580700,16500,576100.0,183017
2021-03-22,516250,19850105,1057660,19291860.0,17950,2754430.0,2691289,111150,9823905,629460,9704760.0,1341659,388600,9450000,372400,9027500.0,1182372,16500,576200,55800,559600.0,167258
2021-03-21,428200,19333855,100,18234200.0,0,2736480.0,2845477,0,9712755,0,9075300.0,1430571,372300,9061400,100,8655100.0,1240469,55900,559700,0,503800.0,174437
2021-03-20,629460,18905655,0,18234100.0,0,2736480.0,2909909,629460,9712755,0,9075300.0,1494458,0,8689100,0,8655000.0,1234135,0,503800,0,503800.0,181316
2021-03-19,0,18276195,388470,18234100.0,262660,2736480.0,3146442,0,9083295,246870,9075300.0,1551524,0,8689100,139400,8655000.0,1390866,0,503800,2200,503800.0,204052
2021-03-18,388470,18276195,448340,17845630.0,109830,2473820.0,3117400,246870,9083295,388440,8828430.0,1505582,139400,8689100,56100,8515600.0,1385139,2200,503800,3800,501600.0,226679
2021-03-17,448240,17887725,400080,17397290.0,88800,2363990.0,3153894,388440,8836425,86580,8439990.0,1530280,56000,8549700,308000,8459500.0,1381427,3800,501600,5500,497800.0,242187
2021-03-16,400980,17439485,193550,16997210.0,27270,2275190.0,2899666,86580,8447985,111150,8353410.0,1367194,308900,8493700,73100,8151500.0,1313972,5500,497800,9300,492300.0,218500
2021-03-15,193550,17038505,993850,16803660.0,65620,2247920.0,2709842,111150,8361405,614250,8242260.0,1150477,73100,8184800,363500,8078400.0,1322777,9300,492300,16100,483000.0,236588
2021-03-14,379600,16844955,0,15809810.0,0,2182300.0,2844365,0,8250255,0,7628010.0,1213102,363500,8111700,0,7714900.0,1375248,16100,483000,0,466900.0,256015
2021-03-13,152100,16465355,0,15809810.0,0,2182300.0,2824434,152100,8250255,0,7628010.0,1210056,0,7748200,0,7714900.0,1329186,0,466900,0,466900.0,285192
2021-03-12,462150,16313255,317520,15809810.0,182830,2182300.0,3249145,462150,8098155,159120,7628010.0,1457638,0,7748200,158400,7714900.0,1416034,0,466900,0,466900.0,375473
2021-03-11,317420,15851105,315990,15492290.0,20790,1999470.0,3203882,159120,7636005,218790,7468890.0,1430276,158300,7748200,92800,7556500.0,1387593,0,466900,4400,466900.0,386013
2021-03-10,318530,15533685,415830,15176300.0,128600,1978680.0,3143918,221130,7476885,127530,7250100.0,1413117,93000,7589900,264400,7463700.0,1364568,4400,466900,23900,462500.0,366233
2021-03-09,418270,15215155,222860,14760470.0,0,1850080.0,2936841,129870,7255755,44460,7122570.0,1378282,264500,7496900,129200,7199300.0,1268042,23900,462500,49200,438600.0,290517
2021-03-08,220690,14796885,1144840,14537610.0,71370,1850080.0,2537521,43290,7125885,552240,7078110.0,1150236,128200,7232400,371000,7070100.0,1170929,49200,438600,221600,389400.0,216356
2021-03-07,597600,14576195,0,13392770.0,0,1778710.0,2724757,0,7082595,0,6525870.0,1236142,376000,7104200,0,6699100.0,1263977,221600,389400,0,167800.0,224638
2021-03-06,194220,13978595,2340,13392770.0,1170,1778710.0,2723910,194220,7082595,2340,6525870.0,1290941,0,6728200,0,6699100.0,1262747,0,167800,0,167800.0,170222
2021-03-05,366210,13784375,276010,13390430.0,144500,1777540.0,2815818,366210,6888375,120510,6523530.0,1382405,0,6728200,94300,6699100.0,1329898,0,167800,61200,167800.0,103515
2021-03-04,278210,13418165,315440,13114420.0,137200,1633040.0,2886200,120510,6522165,177840,6403020.0,1438967,96500,6728200,78300,6604800.0,1394633,61200,167800,59300,106600.0,52600
2021-03-03,315340,13139955,438590,12798980.0,26300,1495840.0,2785757,177840,6401655,101790,6225180.0,1448864,78200,6631700,310500,6526500.0,1336793,59300,106600,26300,47300.0,100
2021-03-02,471750,12824615,254760,12360390.0,1170,1469540.0,2502442,134550,6223815,126360,6123390.0,1297036,310900,6553500,107400,6216000.0,1205406,26300,47300,21000,21000.0,0
2021-03-01,222300,12352865,927770,12105630.0,117000,1468370.0,2291810,93600,6089265,539370,5997030.0,1166150,107700,6242600,388400,6108600.0,1125660,21000,21000,0,0.0,0
2021-02-28,388400,12130565,0,11177860.0,0,1351370.0,2415625,0,5995665,0,5457660.0,1218363,388400,6134900,0,5720200.0,1197262,0,0,0,0.0,0
2021-02-27,140400,11742165,0,11177860.0,0,1351370.0,2393566,140400,5995665,0,5457660.0,1274416,0,5746500,0,5720200.0,1119150,0,0,0,0.0,0
2021-02-26,397800,11601765,289180,11177860.0,115710,1351370.0,2440453,397800,5855265,133380,5457660.0,1349910,0,5746500,155800,5720200.0,1090543,0,0,0,0.0,0
2021-02-25,289280,11203965,322900,10888680.0,5610,1235660.0,2338594,133380,5457465,140400,5324280.0,1393529,155900,5746500,182500,5564400.0,945065,0,0,0,0.0,0
2021-02-24,322900,10914685,231100,10565780.0,114800,1230050.0,2357840,140400,5324085,0,5183880.0,1427779,182500,5590600,231100,5381900.0,930061,0,0,0,0.0,0
2021-02-23,233600,10591785,498320,10334680.0,107640,1115250.0,1958168,0,5183685,159120,5183880.0,1381587,233600,5408100,339200,5150800.0,576581,0,0,0,0.0,0
2021-02-22,494810,10358185,1002990,9836360.0,14040,1007610.0,1581844,155610,5183685,429390,5024760.0,1200792,339200,5174500,573600,4811600.0,381052,0,0,0,0.0,0
2021-02-21,436760,9863375,0,8833370.0,0,993570.0,1690163,67860,5028075,0,4595370.0,1286449,368900,4835300,0,4238000.0,403714,0,0,0,0.0,0
2021-02-20,568570,9426615,0,8833370.0,0,993570.0,1854850,363870,4960215,0,4595370.0,1359664,204700,4466400,0,4238000.0,495186,0,0,0,0.0,0
2021-02-19,0,8858045,4290,8833370.0,2340,993570.0,1982002,0,4596345,4290,4595370.0,1392483,0,4261700,0,4238000.0,589519,0,0,0,0.0,0
2021-02-18,4290,8858045,106080,8829080.0,24180,991230.0,2087609,4290,4596345,106080,4591080.0,1385838,0,4261700,0,4238000.0,701771,0,0,0,0.0,0
2021-02-17,106080,8853755,231275,8723000.0,200,967050.0,2088649,106080,4592055,231075,4485000.0,1269245,0,4261700,200,4238000.0,819404,0,0,0,0.0,0
2021-02-16,231075,8747675,155875,8491725.0,0,966850.0,2150629,231075,4485975,153075,4253925.0,1211084,0,4261700,2800,4237800.0,939545,0,0,0,0.0,0
2021-02-15,0,8516600,191225,8335850.0,3900,966850.0,2124099,0,4254900,174525,4100850.0,1143615,0,4261700,16700,4235000.0,980484,0,0,0,0.0,0
2021-02-14,19500,8516600,100,8144625.0,100,962950.0,2166707,0,4254900,0,3926325.0,1147283,19500,4261700,100,4218300.0,1019424,0,0,0,0.0,0
2021-02-13,246675,8497100,8150,8144525.0,1700,962850.0,2234910,246675,4254900,5850,3926325.0,1180126,0,4242200,2300,4218200.0,1054784,0,0,0,0.0,0
2021-02-12,80925,8250425,172200,8136375.0,8250,961150.0,2366695,80925,4008225,81900,3920475.0,1235295,0,4242200,90300,4215900.0,1131400,0,0,0,0.0,0
2021-02-11,186150,8169500,141275,7964175.0,4900,952900.0,2459232,87750,3927300,90675,3838575.0,1290644,98400,4242200,50600,4125600.0,1168588,0,0,0,0.0,0
2021-02-10,141875,7983350,215200,7822900.0,113400,948000.0,2485551,90675,3839550,15600,3747900.0,1323133,51200,4143800,199600,4075000.0,1162418,0,0,0,0.0,0
2021-02-09,215200,7841475,222850,7607700.0,5850,834600.0,1944804,15600,3748875,83850,3732300.0,907416,199600,4092600,139000,3875400.0,1037388,0,0,0,0.0,0
2021-02-08,222375,7626275,419850,7384850.0,3900,828750.0,1963315,82875,3733275,185250,3648450.0,903304,139500,3893000,234600,3736400.0,1060011,0,0,0,0.0,0
2021-02-07,236800,7403900,900,6965000.0,0,824850.0,2057141,0,3650400,0,3463200.0,940398,236800,3753500,900,3501800.0,1116743,0,0,0,0.0,0
2021-02-06,186225,7167100,0,6964100.0,0,824850.0,2141540,186225,3650400,0,3463200.0,949923,0,3516700,0,3500900.0,1191617,0,0,0,0.0,0
2021-02-05,0,6980875,160050,6964100.0,975,824850.0,2040488,0,3464175,126750,3463200.0,912315,0,3516700,33300,3500900.0,1128173,0,0,0,0.0,0
2021-02-04,160050,6980875,365225,6804050.0,10725,823875.0,1943415,126750,3464175,252525,3336450.0,741462,33300,3516700,112700,3467600.0,1201953,0,0,0,0.0,0
2021-02-03,365225,6820825,94400,6438825.0,9750,813150.0,2191836,252525,3337425,11700,3083925.0,1147807,112700,3483400,82700,3354900.0,1044029,0,0,0,0.0,0
2021-02-02,288325,6455600,623525,6344425.0,975,803400.0,2024000,205725,3084900,229125,3072225.0,1043891,82600,3370700,394400,3272200.0,980109,0,0,0,0.0,0
2021-02-01,431800,6167275,53750,5720900.0,37050,802425.0,2119012,35100,2879175,37050,2843100.0,1099848,396700,3288100,16700,2877800.0,1019164,0,0,0,0.0,0
2021-01-31,16600,5735475,0,5667150.0,0,765375.0,2184247,0,2844075,0,2806050.0,1126553,16600,2891400,0,2861100.0,1057694,0,0,0,0.0,0
2021-01-30,37050,5718875,0,5667150.0,0,765375.0,2282831,37050,2844075,0,2806050.0,1187598,0,2874800,0,2861100.0,1095233,0,0,0,0.0,0
2021-01-29,0,5681825,25925,5667150.0,2925,765375.0,2217805,0,2807025,2925,2806050.0,1158163,0,2874800,23000,2861100.0,1059642,0,0,0,0.0,0
2021-01-28,23000,5681825,93125,5641225.0,84825,762450.0,2230049,0,2807025,92625,2803125.0,1133011,23000,2874800,500,2838100.0,1097038,0,0,0,0.0,0
2021-01-27,85900,5658825,94525,5548100.0,35100,677625.0,2326159,85800,2807025,38025,2710500.0,1161115,100,2851800,56500,2837600.0,1165044,0,0,0,0.0,0
2021-01-26,97175,5572925,112300,5453575.0,7800,642525.0,2234952,39975,2721225,42900,2672475.0,791901,57200,2851700,69400,2781100.0,954315,0,0,0,0.0,0
2021-01-25,119500,5475750,433550,5341275.0,5850,634725.0,2075373,50700,2681250,216450,2629575.0,785045,68800,2794500,217100,2711700.0,974071,0,0,0,0.0,0
2021-01-24,218200,5356250,200,4907725.0,0,628875.0,2075373,0,2630550,0,2413125.0,785045,218200,2725700,200,2494600.0,974071,0,0,0,0.0,0
2021-01-23,216450,5138050,0,4907525.0,0,628875.0,2043123,216450,2630550,0,2413125.0,796177,0,2507500,0,2494400.0,1010091,0,0,0,0.0,0
2021-01-22,3000,4921600,169900,4907525.0,119925,628875.0,2055536,0,2414100,124800,2413125.0,781259,3000,2507500,45100,2494400.0,1015126,0,0,0,0.0,0
2021-01-21,169900,4918600,335125,4737625.0,89700,508950.0,1900219,124800,2414100,201825,2288325.0,737882,45100,2504500,133300,2449300.0,923772,0,0,0,0.0,0
2021-01-20,335125,4748700,141175,4402500.0,46800,419250.0,1798944,201825,2289300,51675,2086500.0,702116,133300,2459400,89500,2316000.0,861069,0,0,0,0.0,0
2021-01-19,137000,4413575,723625,4261325.0,22425,372450.0,1524178,46800,2087475,404625,2034825.0,511577,90200,2326100,319000,2226500.0,834679,0,0,0,0.0,0
2021-01-18,632450,4276575,0,3537700.0,0,350025.0,1545801,313950,2040675,0,1630200.0,528190,318500,2235900,0,1907500.0,835663,0,0,0,0.0,0
2021-01-17,0,3644125,0,3537700.0,0,350025.0,1571195,0,1726725,0,1630200.0,538597,0,1917400,0,1907500.0,850650,0,0,0,0.0,0
2021-01-16,95550,3644125,0,3537700.0,0,350025.0,1614106,95550,1726725,0,1630200.0,554604,0,1917400,0,1907500.0,879456,0,0,0,0.0,0
2021-01-15,0,3548575,54225,3537700.0,4875,350025.0,1542649,0,1631175,45825,1630200.0,547305,0,1917400,8400,1907500.0,918103,0,0,0,0.0,0
2021-01-14,54225,3548575,172525,3483475.0,21450,345150.0,1517257,45825,1631175,49725,1584375.0,547251,8400,1917400,122800,1899100.0,892765,0,0,0,0.0,0
2021-01-13,172525,3494350,39675,3310950.0,16575,323700.0,1416338,49725,1585350,16575,1534650.0,560835,122800,1909000,23100,1776300.0,780862,0,0,0,0.0,0
2021-01-12,39675,3321825,507875,3271275.0,52650,307125.0,1267919,16575,1535625,106275,1518075.0,527929,23100,1786200,401600,1753200.0,663354,0,0,0,0.0,0
2021-01-11,511775,3282150,450350,2763400.0,49725,254475.0,1082203,106275,1519050,169650,1411800.0,486563,405500,1763100,280700,1351600.0,519004,0,0,0,0.0,0
2021-01-10,285400,2770375,0,2313050.0,0,204750.0,1097146,0,1412775,0,1242150.0,495529,285400,1357600,0,1070900.0,514362,0,0,0,0.0,0
2021-01-09,144300,2484975,0,2313050.0,0,204750.0,1121428,144300,1412775,0,1242150.0,514037,0,1072200,0,1070900.0,520136,0,0,0,0.0,0
2021-01-08,25350,2340675,28275,2313050.0,20475,204750.0,1093728,25350,1268475,28275,1242150.0,522134,0,1072200,0,1070900.0,521885,0,0,0,0.0,0
2021-01-07,29250,2315325,47350,2284775.0,2925,184275.0,1065320,29250,1243125,9750,1213875.0,477641,0,1072200,37600,1070900.0,537970,0,0,0,0.0,0
2021-01-06,47350,2286075,68000,2237425.0,50700,181350.0,1064210,9750,1213875,54600,1204125.0,446469,37600,1072200,13400,1033300.0,565151,0,0,0,0.0,0
2021-01-05,68975,2238725,382750,2169425.0,39000,130650.0,1115270,55575,1204125,349050,1149525.0,547218,13400,1034600,33700,1019900.0,515462,0,0,0,0.0,0
2021-01-04,380700,2169750,219775,1786675.0,0,91650.0,793164,347100,1148550,975,800475.0,301647,33600,1021200,218800,986200.0,435271,0,0,0,0.0,0
2021-01-03,220000,1789050,0,1566900.0,0,91650.0,802447,0,801450,0,799500.0,304052,220000,987600,0,767400.0,436731,0,0,0,0.0,0
2021-01-02,975,1569050,0,1566900.0,0,91650.0,820001,975,801450,0,799500.0,307825,0,767600,0,767400.0,447422,0,0,0,0.0,0
2021-01-01,0,1568075,0,1566900.0,0,91650.0,823183,0,800475,0,799500.0,309111,0,767600,0,767400.0,449318,0,0,0,0.0,0
2020-12-31,0,1568075,0,1566900.0,0,91650.0,832957,0,800475,0,799500.0,291466,0,767600,0,767400.0,476737,0,0,0,0.0,0
2020-12-30,0,1568075,30425,1566900.0,18525,91650.0,749923,0,800475,30225,799500.0,247434,0,767600,200,767400.0,465267,0,0,0,0.0,0
2020-12-29,30425,1568075,265175,1536475.0,27300,73125.0,613199,30225,800475,215475,769275.0,176932,200,767600,49700,767200.0,403507,0,0,0,0.0,0
2020-12-28,266150,1537650,202075,1271300.0,0,45825.0,562329,216450,770250,975,553800.0,189615,49700,767400,201100,717500.0,339954,0,0,0,0.0,0
2020-12-27,201300,1271500,0,1069225.0,0,45825.0,562329,0,553800,0,552825.0,189615,201300,717700,0,516400.0,339954,0,0,0,0.0,0
2020-12-26,0,1070200,0,1069225.0,0,45825.0,569532,0,553800,0,552825.0,191048,0,516400,0,516400.0,345724,0,0,0,0.0,0
2020-12-25,0,1070200,0,1069225.0,0,45825.0,567390,0,553800,0,552825.0,191586,0,516400,0,516400.0,343044,0,0,0,0.0,0
2020-12-24,0,1070200,975,1069225.0,0,45825.0,552760,0,553800,975,552825.0,211742,0,516400,0,516400.0,337508,0,0,0,0.0,0
2020-12-23,975,1070200,259375,1068250.0,28275,45825.0,355739,975,553800,28275,551850.0,211051,0,516400,231100,516400.0,144688,0,0,0,0.0,0
2020-12-22,259375,1069225,211075,808875.0,17550,17550.0,220976,28275,552825,36075,523575.0,194897,231100,516400,175000,285300.0,26079,0,0,0,0.0,0
2020-12-21,371950,809850,271175,597800.0,0,0.0,169137,196950,524550,160875,487500.0,168037,175000,285300,110300,110300.0,1100,0,0,0,0.0,0
2020-12-20,110300,437900,0,326625.0,0,0.0,174840,0,327600,0,326625.0,173740,110300,110300,0,0.0,1100,0,0,0,0.0,0
2020-12-19,0,327600,0,326625.0,0,0.0,176788,0,327600,0,326625.0,176788,0,0,0,0.0,0,0,0,0,0.0,0
2020-12-18,0,327600,0,326625.0,0,0.0,127301,0,327600,0,326625.0,126326,0,0,0,0.0,975,0,0,0,0.0,0
2020-12-17,975,327600,131625,326625.0,0,0.0,59706,975,327600,131625,326625.0,58731,0,0,0,0.0,975,0,0,0,0.0,0
2020-12-16,130650,326625,46800,195000.0,0,0.0,38025,130650,326625,46800,195000.0,37050,0,0,0,0.0,975,0,0,0,0.0,0
2020-12-15,46800,195975,115050,148200.0,0,0.0,0,46800,195975,115050,148200.0,0,0,0,0,0.0,0,0,0,0,0.0,0
2020-12-14,116025,149175,33150,33150.0,0,0.0,0,116025,149175,33150,33150.0,0,0,0,0,0.0,0,0,0,0,0.0,0
2020-12-13,33150,33150,0,,0,,0,33150,33150,0,,0,0,0,0,,0,0,0,0,,0
